{
    "a.wav": "_a.wav.info.json",
    "ah.wav": "_ah.wav.info.json",
    "ai.wav": "_ai.wav.info.json",
    "ao.wav": "_ao.wav.info.json",
    "b.wav": "_b.wav.info.json",
    "ba.wav": "_ba.wav.info.json",
    "bah.wav": "_bah.wav.info.json",
    "be.wav": "_be.wav.info.json",
    "bi.wav": "_bi.wav.info.json",
    "bih.wav": "_bih.wav.info.json",
    "bo.wav": "_bo.wav.info.json",
    "bu.wav": "_bu.wav.info.json",
    "buh.wav": "_buh.wav.info.json",
    "ch.wav": "_ch.wav.info.json",
    "d.wav": "_d.wav.info.json",
    "e.wav": "_e.wav.info.json",
    "ei.wav": "_ei.wav.info.json",
    "er.wav": "_er.wav.info.json",
    "f.wav": "_f.wav.info.json",
    "fa.wav": "_fa.wav.info.json",
    "fe.wav": "_fe.wav.info.json",
    "fi.wav": "_fi.wav.info.json",
    "fo.wav": "_fo.wav.info.json",
    "fu.wav": "_fu.wav.info.json",
    "g.wav": "_g.wav.info.json",
    "h.wav": "_h.wav.info.json",
    "i.wav": "_i.wav.info.json",
    "ih.wav": "_ih.wav.info.json",
    "j.wav": "_j.wav.info.json",
    "k.wav": "_k.wav.info.json",
    "l.wav": "_l.wav.info.json",
    "la.wav": "_la.wav.info.json",
    "le.wav": "_le.wav.info.json",
    "li.wav": "_li.wav.info.json",
    "lo.wav": "_lo.wav.info.json",
    "lu.wav": "_lu.wav.info.json",
    "m.wav": "_m.wav.info.json",
    "n.wav": "_n.wav.info.json",
    "o.wav": "_o.wav.info.json",
    "oi.wav": "_oi.wav.info.json",
    "p.wav": "_p.wav.info.json",
    "r.wav": "_r.wav.info.json",
    "s.wav": "_s.wav.info.json",
    "sh.wav": "_sh.wav.info.json",
    "t.wav": "_t.wav.info.json",
    "th.wav": "_th.wav.info.json",
    "tha.wav": "_tha.wav.info.json",
    "the.wav": "_the.wav.info.json",
    "thi.wav": "_thi.wav.info.json",
    "tho.wav": "_tho.wav.info.json",
    "thu.wav": "_thu.wav.info.json",
    "uh.wav": "_uh.wav.info.json",
    "u.wav": "_u.wav.info.json",
    "v.wav": "_v.wav.info.json",
    "w.wav": "_w.wav.info.json",
    "wa.wav": "_wa.wav.info.json",
    "we.wav": "_we.wav.info.json",
    "wi.wav": "_wi.wav.info.json",
    "wo.wav": "_wo.wav.info.json",
    "y.wav": "_y.wav.info.json",
    "ya.wav": "_ya.wav.info.json",
    "yo.wav": "_yo.wav.info.json",
    "yu.wav": "_yu.wav.info.json",
    "z.wav": "_z.wav.info.json",
    "zh.wav": "_zh.wav.info.json"
}