{
    "a.wav//waveform//0//0": "_a.wav_waveform_0_0.png",
    "a.wav//spectrogram//0": "_a.wav_spectrogram_0.png",
    "ah.wav//waveform//0//0": "_ah.wav_waveform_0_0.png",
    "ah.wav//spectrogram//0": "_ah.wav_spectrogram_0.png",
    "ai.wav//waveform//0//0": "_ai.wav_waveform_0_0.png",
    "ai.wav//spectrogram//0": "_ai.wav_spectrogram_0.png",
    "ao.wav//waveform//0//0": "_ao.wav_waveform_0_0.png",
    "ao.wav//spectrogram//0": "_ao.wav_spectrogram_0.png",
    "b.wav//waveform//0//0": "_b.wav_waveform_0_0.png",
    "b.wav//spectrogram//0": "_b.wav_spectrogram_0.png",
    "ba.wav//waveform//0//0": "_ba.wav_waveform_0_0.png",
    "ba.wav//spectrogram//0": "_ba.wav_spectrogram_0.png",
    "bah.wav//waveform//0//0": "_bah.wav_waveform_0_0.png",
    "bah.wav//spectrogram//0": "_bah.wav_spectrogram_0.png",
    "be.wav//waveform//0//0": "_be.wav_waveform_0_0.png",
    "be.wav//spectrogram//0": "_be.wav_spectrogram_0.png",
    "bi.wav//waveform//0//0": "_bi.wav_waveform_0_0.png",
    "bi.wav//spectrogram//0": "_bi.wav_spectrogram_0.png",
    "bih.wav//waveform//0//0": "_bih.wav_waveform_0_0.png",
    "bih.wav//spectrogram//0": "_bih.wav_spectrogram_0.png",
    "bo.wav//waveform//0//0": "_bo.wav_waveform_0_0.png",
    "bo.wav//spectrogram//0": "_bo.wav_spectrogram_0.png",
    "bu.wav//waveform//0//0": "_bu.wav_waveform_0_0.png",
    "bu.wav//spectrogram//0": "_bu.wav_spectrogram_0.png",
    "buh.wav//waveform//0//0": "_buh.wav_waveform_0_0.png",
    "buh.wav//spectrogram//0": "_buh.wav_spectrogram_0.png",
    "ch.wav//waveform//0//0": "_ch.wav_waveform_0_0.png",
    "ch.wav//spectrogram//0": "_ch.wav_spectrogram_0.png",
    "d.wav//waveform//0//0": "_d.wav_waveform_0_0.png",
    "d.wav//spectrogram//0": "_d.wav_spectrogram_0.png",
    "e.wav//waveform//0//0": "_e.wav_waveform_0_0.png",
    "e.wav//spectrogram//0": "_e.wav_spectrogram_0.png",
    "ei.wav//waveform//0//0": "_ei.wav_waveform_0_0.png",
    "ei.wav//spectrogram//0": "_ei.wav_spectrogram_0.png",
    "er.wav//waveform//0//0": "_er.wav_waveform_0_0.png",
    "er.wav//spectrogram//0": "_er.wav_spectrogram_0.png",
    "f.wav//waveform//0//0": "_f.wav_waveform_0_0.png",
    "f.wav//spectrogram//0": "_f.wav_spectrogram_0.png",
    "fa.wav//waveform//0//0": "_fa.wav_waveform_0_0.png",
    "fa.wav//spectrogram//0": "_fa.wav_spectrogram_0.png",
    "fe.wav//waveform//0//0": "_fe.wav_waveform_0_0.png",
    "fe.wav//spectrogram//0": "_fe.wav_spectrogram_0.png",
    "fi.wav//waveform//0//0": "_fi.wav_waveform_0_0.png",
    "fi.wav//spectrogram//0": "_fi.wav_spectrogram_0.png",
    "fo.wav//waveform//0//0": "_fo.wav_waveform_0_0.png",
    "fo.wav//spectrogram//0": "_fo.wav_spectrogram_0.png",
    "fu.wav//waveform//0//0": "_fu.wav_waveform_0_0.png",
    "fu.wav//spectrogram//0": "_fu.wav_spectrogram_0.png",
    "g.wav//waveform//0//0": "_g.wav_waveform_0_0.png",
    "g.wav//spectrogram//0": "_g.wav_spectrogram_0.png",
    "j.wav//waveform//0//0": "_j.wav_waveform_0_0.png",
    "k.wav//waveform//0//0": "_k.wav_waveform_0_0.png",
    "k.wav//spectrogram//0": "_k.wav_spectrogram_0.png",
    "h.wav//waveform//0//0": "_h.wav_waveform_0_0.png",
    "h.wav//spectrogram//0": "_h.wav_spectrogram_0.png",
    "i.wav//waveform//0//0": "_i.wav_waveform_0_0.png",
    "i.wav//spectrogram//0": "_i.wav_spectrogram_0.png",
    "ih.wav//waveform//0//0": "_ih.wav_waveform_0_0.png",
    "ih.wav//spectrogram//0": "_ih.wav_spectrogram_0.png",
    "j.wav//spectrogram//0": "_j.wav_spectrogram_0.png",
    "l.wav//waveform//0//0": "_l.wav_waveform_0_0.png",
    "l.wav//spectrogram//0": "_l.wav_spectrogram_0.png",
    "la.wav//waveform//0//0": "_la.wav_waveform_0_0.png",
    "la.wav//spectrogram//0": "_la.wav_spectrogram_0.png",
    "le.wav//waveform//0//0": "_le.wav_waveform_0_0.png",
    "le.wav//spectrogram//0": "_le.wav_spectrogram_0.png",
    "li.wav//waveform//0//0": "_li.wav_waveform_0_0.png",
    "li.wav//spectrogram//0": "_li.wav_spectrogram_0.png",
    "lo.wav//waveform//0//0": "_lo.wav_waveform_0_0.png",
    "lo.wav//spectrogram//0": "_lo.wav_spectrogram_0.png",
    "lu.wav//waveform//0//0": "_lu.wav_waveform_0_0.png",
    "lu.wav//spectrogram//0": "_lu.wav_spectrogram_0.png",
    "m.wav//waveform//0//0": "_m.wav_waveform_0_0.png",
    "m.wav//spectrogram//0": "_m.wav_spectrogram_0.png",
    "n.wav//waveform//0//0": "_n.wav_waveform_0_0.png",
    "n.wav//spectrogram//0": "_n.wav_spectrogram_0.png",
    "o.wav//waveform//0//0": "_o.wav_waveform_0_0.png",
    "o.wav//spectrogram//0": "_o.wav_spectrogram_0.png",
    "oi.wav//waveform//0//0": "_oi.wav_waveform_0_0.png",
    "oi.wav//spectrogram//0": "_oi.wav_spectrogram_0.png",
    "p.wav//waveform//0//0": "_p.wav_waveform_0_0.png",
    "p.wav//spectrogram//0": "_p.wav_spectrogram_0.png",
    "r.wav//waveform//0//0": "_r.wav_waveform_0_0.png",
    "r.wav//spectrogram//0": "_r.wav_spectrogram_0.png",
    "s.wav//waveform//0//0": "_s.wav_waveform_0_0.png",
    "s.wav//spectrogram//0": "_s.wav_spectrogram_0.png",
    "sh.wav//waveform//0//0": "_sh.wav_waveform_0_0.png",
    "sh.wav//spectrogram//0": "_sh.wav_spectrogram_0.png",
    "t.wav//waveform//0//0": "_t.wav_waveform_0_0.png",
    "t.wav//spectrogram//0": "_t.wav_spectrogram_0.png",
    "th.wav//waveform//0//0": "_th.wav_waveform_0_0.png",
    "th.wav//spectrogram//0": "_th.wav_spectrogram_0.png",
    "tha.wav//waveform//0//0": "_tha.wav_waveform_0_0.png",
    "tha.wav//spectrogram//0": "_tha.wav_spectrogram_0.png",
    "the.wav//waveform//0//0": "_the.wav_waveform_0_0.png",
    "the.wav//spectrogram//0": "_the.wav_spectrogram_0.png",
    "thi.wav//waveform//0//0": "_thi.wav_waveform_0_0.png",
    "thi.wav//spectrogram//0": "_thi.wav_spectrogram_0.png",
    "tho.wav//waveform//0//0": "_tho.wav_waveform_0_0.png",
    "tho.wav//spectrogram//0": "_tho.wav_spectrogram_0.png",
    "thu.wav//waveform//0//0": "_thu.wav_waveform_0_0.png",
    "thu.wav//spectrogram//0": "_thu.wav_spectrogram_0.png",
    "uh.wav//waveform//0//0": "_uh.wav_waveform_0_0.png",
    "uh.wav//spectrogram//0": "_uh.wav_spectrogram_0.png",
    "u.wav//waveform//0//0": "_u.wav_waveform_0_0.png",
    "u.wav//spectrogram//0": "_u.wav_spectrogram_0.png",
    "v.wav//waveform//0//0": "_v.wav_waveform_0_0.png",
    "v.wav//spectrogram//0": "_v.wav_spectrogram_0.png",
    "w.wav//waveform//0//0": "_w.wav_waveform_0_0.png",
    "w.wav//spectrogram//0": "_w.wav_spectrogram_0.png",
    "wa.wav//waveform//0//0": "_wa.wav_waveform_0_0.png",
    "wa.wav//spectrogram//0": "_wa.wav_spectrogram_0.png",
    "we.wav//waveform//0//0": "_we.wav_waveform_0_0.png",
    "we.wav//spectrogram//0": "_we.wav_spectrogram_0.png",
    "wi.wav//waveform//0//0": "_wi.wav_waveform_0_0.png",
    "wi.wav//spectrogram//0": "_wi.wav_spectrogram_0.png",
    "wo.wav//waveform//0//0": "_wo.wav_waveform_0_0.png",
    "wo.wav//spectrogram//0": "_wo.wav_spectrogram_0.png",
    "y.wav//waveform//0//0": "_y.wav_waveform_0_0.png",
    "y.wav//spectrogram//0": "_y.wav_spectrogram_0.png",
    "ya.wav//waveform//0//0": "_ya.wav_waveform_0_0.png",
    "ya.wav//spectrogram//0": "_ya.wav_spectrogram_0.png",
    "yo.wav//waveform//0//0": "_yo.wav_waveform_0_0.png",
    "yo.wav//spectrogram//0": "_yo.wav_spectrogram_0.png",
    "yu.wav//waveform//0//0": "_yu.wav_waveform_0_0.png",
    "yu.wav//spectrogram//0": "_yu.wav_spectrogram_0.png",
    "z.wav//waveform//0//0": "_z.wav_waveform_0_0.png",
    "z.wav//spectrogram//0": "_z.wav_spectrogram_0.png",
    "zh.wav//waveform//0//0": "_zh.wav_waveform_0_0.png",
    "zh.wav//spectrogram//0": "_zh.wav_spectrogram_0.png"
}