{
    "a.wav//waveform//0//0": "_a.wav_waveform_0_0.png",
    "a.wav//spectrogram//0": "_a.wav_spectrogram_0.png",
    "ah.wav//waveform//0//0": "_ah.wav_waveform_0_0.png",
    "ah.wav//spectrogram//0": "_ah.wav_spectrogram_0.png",
    "ai.wav//waveform//0//0": "_ai.wav_waveform_0_0.png",
    "ai.wav//spectrogram//0": "_ai.wav_spectrogram_0.png",
    "ao.wav//waveform//0//0": "_ao.wav_waveform_0_0.png",
    "ao.wav//spectrogram//0": "_ao.wav_spectrogram_0.png",
    "b.wav//waveform//0//0": "_b.wav_waveform_0_0.png",
    "b.wav//spectrogram//0": "_b.wav_spectrogram_0.png",
    "ba.wav//waveform//0//0": "_ba.wav_waveform_0_0.png",
    "ba.wav//spectrogram//0": "_ba.wav_spectrogram_0.png",
    "bah.wav//waveform//0//0": "_bah.wav_waveform_0_0.png",
    "bah.wav//spectrogram//0": "_bah.wav_spectrogram_0.png",
    "be.wav//waveform//0//0": "_be.wav_waveform_0_0.png",
    "be.wav//spectrogram//0": "_be.wav_spectrogram_0.png",
    "bi.wav//waveform//0//0": "_bi.wav_waveform_0_0.png",
    "bi.wav//spectrogram//0": "_bi.wav_spectrogram_0.png",
    "bih.wav//waveform//0//0": "_bih.wav_waveform_0_0.png",
    "bih.wav//spectrogram//0": "_bih.wav_spectrogram_0.png"
}